"Name","Institution","state","session","updated_at"
An17t,"PR","UTFPR","ST-1","2019-05-07 08:18:20"
An17t,"PR","UTFPR","ST-1","2019-05-07 08:18:20"
Cl16m,"UFV","MG","ST-1","2019-05-07 08:18:26"
Ma15v,"UFRRJ","RJ","ST-2","2019-05-07 08:18:43"
Fe13r,"IF Catarinense","SC","ST-2","2019-05-07 08:19:24"
Da13d,"UFMG","MG","ST-2","2019-05-07 08:19:24"
Lu29i,"UFLA","MG","ST-3","2019-05-07 08:23:11"
Ma15s,"UFRJ","RJ","ST-3","2019-05-07 08:23:17"
An12r,"UFRJ","RJ","ST-3","2019-05-07 08:23:22"
Ka14i,"UFRJ","RJ","ST-3","2019-05-07 08:23:37"
Fe14i,"UFRJ","RJ","ST-3","2019-05-07 08:23:54"
Ti15i,"University of Cambridge","0","ST-3","2019-05-07 08:24:09"
Ju16t,"UTFPR","PR","ST-2","2019-05-07 08:25:19"
Do12b,"UFF","RJ","ST-2","2019-05-07 08:25:23"
Mi16r,"UFPR","PR","ST-1","2019-05-07 08:26:34"
Al16o,"UFPR","PR","ST-1","2019-05-07 08:26:37"
Al12m,"UFRJ","RJ","ST-2","2019-05-07 08:27:06"
He15r,"UTFPR","PR","ST-3","2019-05-07 08:31:27"
Mi15t,"UFRJ","RJ","ST-3","2019-05-07 08:31:39"
Ka13e,"PUCRS","RS","ST-3","2019-05-07 08:32:08"
Pe12t,"HP","RS","ST-1","2019-05-07 08:32:30"
Al11r,"UFJF","MG","ST-2","2019-05-07 08:32:45"
Lu26r,"","MG","ST-2","2019-05-07 08:32:46"
Ka13e,"PUCRS","RS","ST-1","2019-05-07 08:33:04"
Ka13e,"PUCRS","RS","ST-2","2019-05-07 08:33:53"
An15v,"UFPA","PA","ST-3","2019-05-07 08:36:18"
An15v,"UFPA","PA","ST-3","2019-05-07 08:36:18"
Pe12t,"HP","RS","ST-2","2019-05-07 08:39:02"
Fe12k,"UFJF","MG","ST-2","2019-05-07 08:39:35"
Mi11t,"UFPI","PI","ST-3","2019-05-07 08:39:37"
Al21r,"UFJF","RJ","ST-2","2019-05-07 08:39:39"
Ma15h,"UFPB","PB","ST-2","2019-05-07 08:39:45"
Pe11m,"HP","RS","ST-3","2019-05-07 08:40:15"
Al13t,"UNIP","MT","ST-2","2019-05-07 08:40:19"
Di14r,"ULBRA","RS","ST-2","2019-05-07 08:41:44"
Lu19r,"UNICAMP","SP","ST-1","2019-05-07 08:42:41"
Ar10e,"UNIPAMPA","RS","ST-3","2019-05-07 08:43:26"
Fr14g,"UNIPAMPA","RS","ST-3","2019-05-07 08:43:30"
Ma18h,"UFMG","MG","ST-2","2019-05-07 08:48:43"
Ra15c,"UFMG","MG","ST-3","2019-05-07 08:49:50"
Li12e,"UFPR","PR","ST-1","2019-05-07 08:50:38"
Ot11r,"UFLA","MG","ST-2","2019-05-07 08:51:03"
La12e,"UFRGS","RS","ST-1","2019-05-07 08:52:33"
Ar13o,"RS","UFRGS","ST-1","2019-05-07 08:52:34"
Lu12c,"UFRGS","RS","ST-1","2019-05-07 08:52:37"
Rh13u,"UFSM","RS","ST-1","2019-05-07 08:52:48"
Fi15o,"UFC","CE","ST-3","2019-05-07 08:52:50"
An15t,"IFSUL","RS","ST-1","2019-05-07 08:52:52"
Ad16t,"UFPA","PA","ST-3","2019-05-07 08:52:54"
Fe13f,"UFRGS","RS","ST-1","2019-05-07 08:52:56"
Ad11o,"PUCRJ","RJ","ST-1","2019-05-07 08:56:48"
Ma13z,"BA","UFBA","ST-3","2019-05-07 08:58:27"
Fr23j,"UFBA","CE","ST-3","2019-05-07 08:58:30"
Ar12m,"UFES","ES","ST-2","2019-05-07 08:59:20"
Ca12s,"UFES","ES","ST-3","2019-05-07 08:59:23"
Fa12i,"UFPB","PB","ST-2","2019-05-07 09:00:12"
An15v,"UFPA","PA","ST-3","2019-05-07 09:00:28"
An15v,"UFPA","PA","ST-1","2019-05-07 09:01:47"
Na14v,"UNICAMP","PI","ST-2","2019-05-07 09:02:14"
Ka13e,"PUCRS","RS","ST-2","2019-05-07 09:02:38"
Pe12t,"HP","RS","ST-2","2019-05-07 09:02:41"
Ra19e,"HPE","RS","ST-2","2019-05-07 09:02:55"
Ma13c,"UTFPR","PR","ST-1","2019-05-07 09:03:26"
Ma13c,"UTFPR","PR","ST-1","2019-05-07 09:03:35"
Ra15r,"UNA-SUS","DF","ST-2","2019-05-07 09:04:33"
Ro16h,"UNIPAMPA","RS","ST-3","2019-05-07 09:08:17"
Ad14ç,"IFPE","PE","ST-2","2019-05-07 09:09:39"
Ma13i,"UFABC","SP","ST-1","2019-05-07 09:13:51"
Fe14o,"UFPB","PB","ST-1","2019-05-07 09:20:10"
Hu13o,"IFSUL","RS","ST-2","2019-05-07 09:20:21"
Sa15r,"UFRGS","RS","ST-2","2019-05-07 09:20:31"
Lu12e,"UFPA","PA","ST-3","2019-05-07 09:20:49"
An15v,"UFPA","PA","ST-1","2019-05-07 09:23:59"
Ti15i,"University of Cambridge","0","ST-1","2019-05-07 09:24:29"
Íg11j,"UFMG","MG","ST-1","2019-05-07 09:24:37"
Lu9i,"","","ST-3","2019-05-07 09:24:56"
An15v,"UFPA","PA","ST-2","2019-05-07 09:24:58"
Ne17o,"UFRJ","RJ","ST-2","2019-05-07 09:27:51"
Ra12s,"UNICAMP","SP","ST-2","2019-05-07 09:30:55"
Ra12s,"UNICAMP","SP","ST-2","2019-05-07 09:31:01"
Ra15c,"UFMG","MG","ST-2","2019-05-07 09:33:04"
Ra13r,"UFPA","PA","ST-3","2019-05-07 09:39:40"
Jo15t,"UNICAMP","SP","ST-3","2019-05-07 09:39:43"
Di13s,"UFPA","PA","ST-3","2019-05-07 09:39:47"
Da12z,"UFPA","PA","ST-3","2019-05-07 09:39:51"
Si11n,"Ericsson Research","SP","ST-2","2019-05-07 09:39:56"
Ma12l,"UFGD","MS","ST-3","2019-05-07 09:41:15"
An15v,"UFPA","PA","ST-2","2019-05-07 09:45:52"
Di14r,"ULBRA","RS","ST-2","2019-05-07 09:45:57"
Ad14ç,"IFPE","PE","ST-3","2019-05-07 09:47:11"
Ma16d,"IFGO","GO","ST-3","2019-05-07 09:47:39"
Sa15r,"UFRGS","RS","ST-3","2019-05-07 09:51:22"
Sa15r,"UFRGS","RS","ST-3","2019-05-07 09:51:42"
Gu14i,"UFMG","MG","ST-1","2019-05-07 09:51:57"
Fe15m,"UFF","RJ","ST-1","2019-05-07 09:52:06"
Ne17o,"UFRJ","RJ","ST-1","2019-05-07 09:52:14"
Do12b,"UFF","RJ","ST-1","2019-05-07 09:52:18"
He15r,"UFPA","PA","ST-3","2019-05-07 10:09:04"
Fe11i,"UFPA","PA","ST-3","2019-05-07 10:09:07"
Ar11w,"UFPA","PA","ST-3","2019-05-07 10:09:10"
Ad11o,"PUCRJ","RJ","ST-4","2019-05-07 10:22:01"
Fa15a,"UFPA","PA","ST-4","2019-05-07 10:22:06"
Ra13e,"UFSC","SC","ST-4","2019-05-07 10:22:12"
Gu14l,"UFRJ","RJ","ST-4","2019-05-07 10:27:07"
Le14v,"UFRJ","RJ","ST-4","2019-05-07 10:27:13"
Ra16e,"UFSM","RS","ST-4","2019-05-07 10:27:20"
Al15o,"UFMG","MG","ST-5","2019-05-07 10:27:35"
Ma18h,"UFMG","MG","ST-5","2019-05-07 10:27:44"
Ig11e,"UFF","RJ","ST-5","2019-05-07 10:27:47"
Ad16t,"UFPA","PA","ST-5","2019-05-07 10:27:52"
Al14h,"UFRGS","RS","ST-5","2019-05-07 10:27:59"
An13i,"UFRJ","RJ","ST-5","2019-05-07 10:28:04"
Fe13r,"IF Catarinense","SC","ST-5","2019-05-07 10:28:07"
Ma13i,"UFABC","SP","ST-5","2019-05-07 10:28:21"
Ru21e,"UNIPAMPA","RS","ST-5","2019-05-07 10:28:32"
Ra12s,"UNICAMP","SP","ST-4","2019-05-07 10:28:35"
Ro12a,"CPqD","SP","ST-4","2019-05-07 10:28:39"
Da11m,"UNIPAMPA","RS","ST-5","2019-05-07 10:29:57"
Da11m,"UNIPAMPA","RS","ST-3","2019-05-07 10:30:38"
Ro9ã,"UFRJ","RJ","ST-5","2019-05-07 10:30:46"
Di14r,"ULBRA","RS","ST-5","2019-05-07 10:30:53"
An15v,"UFPA","PA","ST-5","2019-05-07 10:30:57"
Gi17J,"UFMG","MG","ST-5","2019-05-07 10:31:06"
Ra15c,"UFMG","MG","ST-5","2019-05-07 10:31:10"
Lu10l,"UFF","RJ","ST-5","2019-05-07 10:31:12"
Ra13r,"UFPA","PA","ST-5","2019-05-07 10:31:43"
Al13t,"UNIP","MT","ST-3","2019-05-07 10:32:03"
En18o,"UFSCAR","SP","ST-4","2019-05-07 10:32:03"
Ar11w,"UFPA","PA","ST-5","2019-05-07 10:32:22"
He15r,"UFPA","PA","ST-5","2019-05-07 10:32:24"
Do12b,"UFF","RJ","ST-5","2019-05-07 10:32:35"
Ne17o,"UFRJ","RJ","ST-5","2019-05-07 10:32:38"
Fe12k,"UFJF","MG","ST-6","2019-05-07 10:32:42"
Fe15h,"UFRJ","RJ","ST-5","2019-05-07 10:32:44"
Le14v,"UFRJ","RJ","ST-5","2019-05-07 10:32:48"
Ca12s,"UFES","ES","ST-4","2019-05-07 10:33:06"
Ar12m,"UFES","ES","ST-4","2019-05-07 10:33:09"
Al10r,"UFRJ","RJ","ST-5","2019-05-07 10:33:31"
Fe11i,"UFPA","PA","ST-5","2019-05-07 10:33:35"
Ma18i,"UERJ","RJ","ST-5","2019-05-07 10:33:39"
Ca13a,"UFPE","PE","ST-4","2019-05-07 10:33:41"
Da21h,"UFPE","PE","ST-5","2019-05-07 10:33:44"
Ro15d,"UFC","CE","ST-5","2019-05-07 10:34:08"
Da13d,"UFMG","MG","ST-5","2019-05-07 10:34:13"
He15r,"UTFPR","PR","ST-6","2019-05-07 10:34:15"
Ra14n,"UFRGS","RS","ST-5","2019-05-07 10:34:16"
Si11n,"Ericsson Research","SP","ST-5","2019-05-07 10:34:25"
Ar13o,"RS","UFRGS","ST-4","2019-05-07 10:35:23"
Gu20o,"UFRJ","RJ","ST-5","2019-05-07 10:36:43"
An17t,"PR","UTFPR","ST-6","2019-05-07 10:37:13"
La12e,"UFRGS","RS","ST-6","2019-05-07 10:37:17"
Fa13v,"UFBA","BA","ST-4","2019-05-07 10:37:55"
Fa14g,"Petrobrás","RJ","ST-4","2019-05-07 10:38:04"
Le15i,"UFBA","BA","ST-4","2019-05-07 10:38:18"
El12e,"","","ST-2","2019-05-07 10:38:19"
Ma13z,"BA","UFBA","ST-4","2019-05-07 10:38:25"
Je24r,"UFPA","PA","ST-2","2019-05-07 10:38:26"
Em16h,"UFC","CE","ST-2","2019-05-07 10:38:56"
Ot11t,"UFRJ","RJ","ST-4","2019-05-07 10:39:05"
Ma12l,"UFGD","MS","ST-5","2019-05-07 10:39:06"
Su15ã,"PE","BNDES","ST-2","2019-05-07 10:39:12"
An14é,"UFPA","PA","ST-5","2019-05-07 10:39:18"
Lu15e,"INRIA","SP","ST-4","2019-05-07 10:39:29"
Ga16ç,"UFRJ","RJ","ST-5","2019-05-07 10:39:37"
Ia16o,"UFF","RJ","ST-5","2019-05-07 10:40:24"
Lo16r,"ITA","SP","ST-5","2019-05-07 10:40:27"
Hu13o,"IFSUL","RS","ST-5","2019-05-07 10:40:51"
Fi15o,"UFC","CE","ST-2","2019-05-07 10:41:22"
Lu12e,"UFPA","PA","ST-5","2019-05-07 10:41:41"
Jo15t,"UNICAMP","SP","ST-6","2019-05-07 10:41:47"
Hu11o,"UFPA","PA","ST-6","2019-05-07 10:41:49"
Na11n,"UFPA","PA","ST-6","2019-05-07 10:41:52"
Vi18e,"IFSUL","RS","ST-5","2019-05-07 10:42:08"
Ra16h,"UFPA","PA","ST-2","2019-05-07 10:42:13"
Ma19e,"IFFarroupilha","RS","ST-5","2019-05-07 10:42:24"
Gu19e,"IFSUL","RS","ST-5","2019-05-07 10:43:52"
Ra14e,"IFRS","RS","ST-5","2019-05-07 10:44:07"
Ar13z,"UFPA","PA","ST-6","2019-05-07 10:44:07"
Fr23j,"UFBA","CE","ST-4","2019-05-07 10:44:48"
Fa12i,"UFPB","PB","ST-5","2019-05-07 10:45:01"
Lu12o,"UFBA","BA","ST-4","2019-05-07 10:45:02"
Ad23r,"RNP","BA","ST-4","2019-05-07 10:45:07"
Na14v,"UNICAMP","PI","ST-5","2019-05-07 10:45:24"
Ma15h,"UFPB","PB","ST-5","2019-05-07 10:45:29"
Fe14v,"RS","UFRGS","ST-5","2019-05-07 10:45:45"
Ma16d,"IFGO","GO","ST-6","2019-05-07 10:45:52"
An14g,"RS","PUCRS","ST-5","2019-05-07 10:45:52"
Mi11t,"UFPI","PI","ST-6","2019-05-07 10:45:55"
Ro21r,"","RS","ST-6","2019-05-07 10:45:55"
Fa24l,"","RS","ST-6","2019-05-07 10:45:56"
Ad14ç,"IFPE","PE","ST-6","2019-05-07 10:46:28"
Jo11i,"","","ST-5","2019-05-07 10:46:32"
Ro13t,"UFPB","RN","ST-4","2019-05-07 10:48:27"
Lu12c,"UFRGS","RS","ST-5","2019-05-07 10:49:27"
Mi16r,"UFPR","PR","ST-5","2019-05-07 10:50:35"
Sa13j,"UFMG","MG","ST-5","2019-05-07 10:53:05"
Ca11i,"HPE","RS","ST-4","2019-05-07 10:53:49"
Ra19e,"HPE","RS","ST-4","2019-05-07 10:53:57"
Lu9i,"","","ST-5","2019-05-07 10:54:03"
Ro16h,"UNIPAMPA","RS","ST-5","2019-05-07 10:55:05"
Lu12a,"RS","RNP","ST-5","2019-05-07 10:55:10"
An15t,"IFSUL","RS","ST-4","2019-05-07 10:55:27"
Pe12t,"HP","RS","ST-4","2019-05-07 10:55:37"
Jo14e,"UFES","ES","ST-4","2019-05-07 10:55:44"
Ig13h,"UFPA","PA","ST-5","2019-05-07 10:56:16"
Le16r,"UFMG","MG","ST-4","2019-05-07 10:56:20"
An15n,"UFAL","AL","ST-5","2019-05-07 10:57:15"
Vi24v,"UFMG","MG","ST-5","2019-05-07 10:57:23"
Fi15o,"UFC","CE","ST-6","2019-05-07 10:57:31"
Ju16t,"UTFPR","PR","ST-5","2019-05-07 10:58:10"
Pe15o,"UFMG","AL","ST-5","2019-05-07 10:58:23"
Ed21o,"UFMG","MG","ST-5","2019-05-07 11:00:34"
Al16e,"UFMG","MG","ST-5","2019-05-07 11:00:38"
An15v,"UFPA","PA","ST-5","2019-05-07 11:00:48"
Íg11j,"UFMG","MG","ST-5","2019-05-07 11:01:00"
Ma15v,"UFRRJ","RJ","ST-6","2019-05-07 11:01:01"
Al12m,"UFRJ","RJ","ST-6","2019-05-07 11:01:04"
Pe11m,"HP","RS","ST-4","2019-05-07 11:01:17"
Au17e,"UFMG","MG","ST-4","2019-05-07 11:01:47"
An15v,"UFPA","PA","ST-6","2019-05-07 11:02:36"
An15t,"","UFF","ST-5","2019-05-07 11:02:46"
Th21v,"UTFPR","PR","ST-4","2019-05-07 11:03:17"
Ma20t,"UFC","PI","ST-6","2019-05-07 11:03:59"
Al13t,"UNIP","MT","ST-4","2019-05-07 11:04:50"
Ne17o,"UFRJ","RJ","ST-4","2019-05-07 11:04:56"
Ro17t,"UFSM","RS","ST-4","2019-05-07 11:05:03"
Do12b,"UFF","RJ","ST-4","2019-05-07 11:05:09"
An15t,"","UFF","ST-4","2019-05-07 11:05:34"
Di13s,"UFPA","PA","ST-6","2019-05-07 11:06:01"
Pa16g,"UFC","CE","ST-4","2019-05-07 11:07:43"
Em16h,"UFC","CE","ST-4","2019-05-07 11:07:53"
Ja12r,"UFSCar","SP","ST-4","2019-05-07 11:07:55"
Lu19r,"UNICAMP","SP","ST-6","2019-05-07 11:09:46"
Va17t,"UFPA","PA","ST-4","2019-05-07 11:11:39"
Ca13a,"UFPE","PE","ST-4","2019-05-07 11:20:22"
Ja13s,"UDESC","SC","ST-4","2019-05-07 11:21:08"
An15v,"UFPA","PA","ST-6","2019-05-07 11:23:34"
An15v,"UFPA","PA","ST-4","2019-05-07 11:24:45"
Ne17o,"UFRJ","RJ","ST-6","2019-05-07 11:25:40"
Do12b,"UFF","RJ","ST-6","2019-05-07 11:25:50"
Pe15o,"UFMG","AL","ST-5","2019-05-07 11:33:27"
An14é,"UFPA","PA","ST-5","2019-05-07 11:33:35"
An15n,"UFAL","AL","ST-5","2019-05-07 11:35:11"
Ra13r,"UFPA","PA","ST-5","2019-05-07 11:35:40"
Hi12a,"IFPE","PE","ST-6","2019-05-07 11:42:24"
Ra19e,"HPE","RS","ST-5","2019-05-07 11:42:33"
Ca11i,"HPE","RS","ST-5","2019-05-07 11:42:35"
An15v,"UFPA","PA","ST-4","2019-05-07 11:49:21"
Ca13a,"UFPE","PE","ST-4","2019-05-07 11:50:13"
Th12e,"IFAP","AP","ST-5","2019-05-07 11:52:26"
Va17t,"UFPA","PA","ST-4","2019-05-07 11:53:01"
An15t,"","UFF","ST-4","2019-05-07 11:53:18"
Ot11t,"UFRJ","RJ","ST-4","2019-05-07 11:53:24"
Su15ã,"PE","BNDES","ST-4","2019-05-07 11:53:50"
Ia13o,"UFPE","PE","ST-8","2019-05-07 13:39:38"
Ju19J,"UFPI","PI","ST-8","2019-05-07 13:39:42"
Ne17r,"UFPI","PI","ST-8","2019-05-07 13:39:45"
Al19l,"UFPE","PI","ST-8","2019-05-07 13:39:49"
Ju16t,"UTFPR","PR","ST-8","2019-05-07 13:40:20"
Ma12l,"UFGD","MS","ST-8","2019-05-07 13:40:37"
Fa15a,"UFPA","PA","ST-8","2019-05-07 13:40:42"
Jo15t,"UNICAMP","SP","ST-7","2019-05-07 13:54:19"
Ma18e,"UFSJ","MG","ST-7","2019-05-07 13:54:24"
Ed17r,"UFPA","PA","ST-7","2019-05-07 13:54:30"
Lu29i,"UFLA","MG","ST-7","2019-05-07 13:54:38"
Fe14v,"UFPI","PI","ST-8","2019-05-07 13:54:46"
An15v,"UFPA","PA","ST-7","2019-05-07 13:56:22"
Ra12s,"UNICAMP","SP","ST-7","2019-05-07 13:56:27"
Ta13n,"SP","UNICAMP","ST-7","2019-05-07 13:56:35"
Ar13o,"RS","UFRGS","ST-7","2019-05-07 14:00:37"
An12r,"UFRJ","RJ","ST-7","2019-05-07 14:00:44"
Ma13c,"UTFPR","PR","ST-7","2019-05-07 14:01:00"
Ma15s,"UFRJ","RJ","ST-7","2019-05-07 14:01:16"
Ka13e,"PUCRS","RS","ST-7","2019-05-07 14:01:35"
Hi12a,"IFPE","PE","ST-9","2019-05-07 14:01:57"
Do12b,"UFF","RJ","ST-7","2019-05-07 14:02:04"
Lo16r,"ITA","SP","ST-9","2019-05-07 14:02:06"
Al21r,"UFJF","RJ","ST-8","2019-05-07 14:03:41"
Ot11r,"UFLA","MG","ST-8","2019-05-07 14:03:46"
Fe14i,"UFRJ","RJ","ST-9","2019-05-07 14:04:21"
Jo12g,"PE","UFPE","ST-8","2019-05-07 14:04:25"
Lu12e,"UFPA","PA","ST-8","2019-05-07 14:04:30"
Ra15c,"UFMG","MG","ST-9","2019-05-07 14:04:35"
Ne17o,"UFRJ","RJ","ST-7","2019-05-07 14:04:53"
Fa12i,"UFPB","PB","ST-9","2019-05-07 14:05:01"
Da12z,"UFPA","PA","ST-8","2019-05-07 14:05:01"
Ra13r,"UFPA","PA","ST-8","2019-05-07 14:05:05"
Ma20t,"UFC","PI","ST-9","2019-05-07 14:05:08"
Hu11o,"UFPA","PA","ST-7","2019-05-07 14:05:10"
Ro13t,"UFPB","RN","ST-7","2019-05-07 14:05:18"
Di13s,"UFPA","PA","ST-8","2019-05-07 14:05:19"
Ar13z,"UFPA","PA","ST-7","2019-05-07 14:05:21"
Ka14i,"UFRJ","RJ","ST-7","2019-05-07 14:05:34"
Th16r,"UFMG","MG","ST-9","2019-05-07 14:05:56"
Na14v,"UNICAMP","PI","ST-8","2019-05-07 14:06:07"
Fe14v,"RS","UFRGS","ST-9","2019-05-07 14:07:51"
An15n,"UFAL","AL","ST-7","2019-05-07 14:08:08"
Ru21e,"UNIPAMPA","RS","ST-7","2019-05-07 14:08:32"
Da11m,"UNIPAMPA","RS","ST-8","2019-05-07 14:08:54"
Ma19e,"IFFarroupilha","RS","ST-7","2019-05-07 14:09:19"
Sa15r,"UFRGS","RS","ST-8","2019-05-07 14:09:23"
Fa14g,"Petrobrás","RJ","ST-8","2019-05-07 14:10:43"
Fi15o,"UFC","CE","ST-8","2019-05-07 14:11:35"
Gi17v,"UFCG","PB","ST-9","2019-05-07 14:12:19"
He10t,"UFF","RJ","ST-9","2019-05-07 14:12:41"
Lu19r,"UNICAMP","SP","ST-7","2019-05-07 14:12:46"
An15t,"","UFF","ST-9","2019-05-07 14:13:15"
Vi18e,"IFSUL","RS","ST-9","2019-05-07 14:14:35"
Gu19e,"IFSUL","RS","ST-7","2019-05-07 14:15:04"
Pe15o,"UFMG","AL","ST-7","2019-05-07 14:16:34"
Bi14r,"UFPA","PA","ST-9","2019-05-07 14:16:42"
Lu13c,"UFPA","PA","ST-7","2019-05-07 14:16:43"
Na11n,"UFPA","PA","ST-7","2019-05-07 14:16:43"
Re11t,"UFPA","PA","ST-7","2019-05-07 14:16:48"
Fe11i,"UFPA","PA","ST-8","2019-05-07 14:16:57"
Ad14ç,"IFPE","PE","ST-8","2019-05-07 14:17:31"
Ro16r,"UFMS","MS","ST-8","2019-05-07 14:20:15"
Ka13i,"UFBA","BA","ST-8","2019-05-07 14:24:15"
Mi11t,"UFPI","PI","ST-7","2019-05-07 14:24:56"
Fe14v,"UFPI","PI","ST-7","2019-05-07 14:24:59"
Ra16h,"UFPA","PA","ST-7","2019-05-07 14:25:01"
An16r,"UFMG","MG","ST-7","2019-05-07 14:25:20"
Fr16o,"PI","UFPI","ST-7","2019-05-07 14:26:27"
Lu9i,"","","ST-7","2019-05-07 14:26:31"
Do12b,"UFF","RJ","ST-9","2019-05-07 14:27:39"
Ne17o,"UFRJ","RJ","ST-9","2019-05-07 14:27:42"
Pa16g,"UFC","CE","ST-7","2019-05-07 14:28:20"
An15v,"UFPA","PA","ST-7","2019-05-07 14:29:58"
Mo15c,"USP","SP","ST-8","2019-05-07 14:29:59"
Ma12r,"LNCC","RJ","ST-8","2019-05-07 14:30:01"
Ma15t,"DF","UnB","ST-9","2019-05-07 14:30:35"
Jo11i,"","","ST-9","2019-05-07 14:30:40"
An15v,"UFPA","PA","ST-9","2019-05-07 14:33:32"
An15v,"UFPA","PA","ST-9","2019-05-07 14:33:45"
An15v,"UFPA","PA","ST-8","2019-05-07 14:43:00"
Fr14g,"UNIPAMPA","RS","ST-7","2019-05-07 14:43:04"
Lo16r,"ITA","SP","ST-7","2019-05-07 14:45:37"
Fe15a,"PA","UFPA","ST-8","2019-05-07 14:47:24"
Cr18a,"UFAL","AL","ST-7","2019-05-07 14:48:47"
Ne17o,"UFRJ","RJ","ST-8","2019-05-07 14:51:57"
Do12b,"UFF","RJ","ST-8","2019-05-07 14:52:00"
Ro19c,"UNICAMP","SP","ST-9","2019-05-07 14:58:55"
Ar10e,"UNIPAMPA","RS","ST-8","2019-05-07 15:00:37"
Le16e,"UFRGS","RS","ST-7","2019-05-07 15:00:38"
Le16e,"UFRGS","RS","ST-7","2019-05-07 15:00:45"
Lu29i,"UFLA","MG","ST-8","2019-05-07 15:07:19"
An15v,"UFPA","PA","ST-8","2019-05-07 15:26:04"
Fi15o,"UFC","CE","ST-8","2019-05-07 15:26:10"
An12e,"UFPI","PI","ST-8","2019-05-07 15:26:46"
Ma16d,"IFGO","GO","ST-9","2019-05-07 15:27:06"
Vi13t,"UFES","MG","ST-9","2019-05-07 15:34:53"
Lu19r,"UNICAMP","SP","ST-7","2019-05-07 15:35:39"
An15n,"UFAL","AL","ST-7","2019-05-07 15:35:57"
An16r,"UFMG","MG","ST-7","2019-05-07 15:36:07"
Th15n,"MCTIC","DF","ST-8","2019-05-07 15:38:48"
Ev14d,"UFRJ","RJ","ST-9","2019-05-07 15:46:55"
Cl16m,"UFV","MG","ST-9","2019-05-07 15:51:20"
Gl17e,"UFPI","MG","ST-9","2019-05-07 15:59:16"
Vi13t,"UFES","MG","ST-9","2019-05-07 15:59:38"
Jo11i,"","","ST-9","2019-05-07 16:02:11"
Al16e,"UFMG","MG","ST-10","2019-05-07 16:20:50"
Ot11r,"UFLA","MG","ST-10","2019-05-07 16:27:29"
El16o,"UFSJ","MG","ST-10","2019-05-07 16:27:59"
Ma13i,"UFABC","SP","ST-10","2019-05-07 16:28:14"
Th14t,"UFPR","PR","ST-10","2019-05-07 16:28:35"
Ed21o,"UFMG","MG","ST-10","2019-05-07 16:28:43"
Lu9i,"","","ST-10","2019-05-07 16:29:47"
Ra15c,"UFMG","MG","ST-10","2019-05-07 16:29:49"
Pa13s,"IFPB","PB","ST-10","2019-05-07 16:30:29"
Mi11t,"UFPI","PI","ST-10","2019-05-07 16:30:47"
Ma18h,"UFMG","MG","ST-10","2019-05-07 16:31:01"
Hu13o,"IFSUL","RS","ST-11","2019-05-07 16:31:30"
Ar10e,"UNIPAMPA","RS","ST-10","2019-05-07 16:32:26"
Fr14g,"UNIPAMPA","RS","ST-10","2019-05-07 16:32:34"
Ra19e,"HPE","RS","ST-10","2019-05-07 16:32:39"
Ru21e,"UNIPAMPA","RS","ST-10","2019-05-07 16:32:41"
Do12b,"UFF","RJ","ST-11","2019-05-07 16:34:00"
Al19l,"UFPE","PI","ST-11","2019-05-07 16:34:45"
Ia13o,"UFPE","PE","ST-11","2019-05-07 16:34:50"
Ju19J,"UFPI","PI","ST-11","2019-05-07 16:35:10"
An15v,"UFPA","PA","ST-10","2019-05-07 16:35:15"
Fe14v,"RS","UFRGS","ST-10","2019-05-07 16:36:33"
An14g,"RS","PUCRS","ST-10","2019-05-07 16:36:36"
Jo15t,"UNICAMP","SP","ST-11","2019-05-07 16:37:20"
Hu11o,"UFPA","PA","ST-11","2019-05-07 16:37:24"
Do15e,"UFMG","MG","ST-10","2019-05-07 16:37:55"
Ne17r,"UFPI","PI","ST-11","2019-05-07 16:38:48"
Hu10o,"UFRJ","RJ","ST-10","2019-05-07 16:39:46"
Si11n,"Ericsson Research","SP","ST-10","2019-05-07 16:41:12"
Lu19r,"UNICAMP","SP","ST-11","2019-05-07 16:42:10"
Ta13n,"SP","UNICAMP","ST-11","2019-05-07 16:42:47"
Lo16r,"ITA","SP","ST-10","2019-05-07 16:42:50"
Ne17o,"UFRJ","RJ","ST-11","2019-05-07 16:42:58"
Ma19e,"IFFarroupilha","RS","ST-10","2019-05-07 16:45:39"
Da11m,"UNIPAMPA","RS","ST-10","2019-05-07 16:45:42"
Fr23j,"UFBA","CE","ST-10","2019-05-07 16:45:46"
Fe11i,"UFPA","PA","ST-11","2019-05-07 16:46:29"
Lu12e,"UFPA","PA","ST-10","2019-05-07 16:46:34"
He15r,"UFPA","PA","ST-10","2019-05-07 16:46:39"
Ar11w,"UFPA","PA","ST-10","2019-05-07 16:46:42"
Pe11m,"HP","RS","ST-10","2019-05-07 16:47:36"
Da21h,"UFPE","PE","ST-10","2019-05-07 16:47:48"
Fa15a,"UFPA","PA","ST-11","2019-05-07 16:48:14"
Ma12l,"UFGD","MS","ST-10","2019-05-07 16:50:09"
An12t,"UFBA","BA","ST-11","2019-05-07 16:50:36"
Ma16h,"UFMG","MG","ST-10","2019-05-07 16:51:27"
Ma13z,"BA","UFBA","ST-10","2019-05-07 16:53:53"
Fa14g,"Petrobrás","RJ","ST-10","2019-05-07 16:55:52"
Lu12o,"UFBA","BA","ST-10","2019-05-07 16:58:10"
Ia13o,"UFPE","PE","ST-11","2019-05-07 17:00:49"
Do12b,"UFF","RJ","ST-10","2019-05-07 17:01:01"
He15r,"UNICAMP","SP","ST-11","2019-05-07 17:01:10"
He15r,"UNICAMP","SP","ST-11","2019-05-07 17:01:17"
Hu11o,"UFPA","PA","ST-10","2019-05-07 17:01:26"
An15v,"UFPA","PA","ST-11","2019-05-07 17:01:49"
Fr16o,"PI","UFPI","ST-11","2019-05-07 17:01:57"
Ro16h,"UNIPAMPA","RS","ST-10","2019-05-07 17:05:50"
Pe15o,"UFMG","AL","ST-10","2019-05-07 17:07:50"
Lu13n,"UFMG","MG","ST-10","2019-05-07 17:09:22"
Sa15r,"UFRGS","RS","ST-11","2019-05-07 17:15:01"
Is23r,"UFMG","MG","ST-10","2019-05-07 17:16:20"
An12e,"UFPI","PI","ST-11","2019-05-07 17:27:54"
An12e,"UFPI","PI","ST-11","2019-05-07 17:27:58"
Ma16d,"IFGO","GO","ST-11","2019-05-07 17:28:16"
Ma13c,"UTFPR","PR","ST-11","2019-05-07 17:31:38"
An15v,"UFPA","PA","ST-11","2019-05-07 17:52:21"
Si11n,"Ericsson Research","SP","ST-10","2019-05-07 18:02:01"
Rh13u,"UFSM","RS","ST-10","2019-05-07 18:02:28"
Ma13c,"UTFPR","PR","ST-10","2019-05-07 18:02:46"
An12t,"UFBA","BA","ST-11","2019-05-07 18:03:16"
Ít11h,"UFMG","MG","ST-10","2019-05-07 18:03:29"
Fe13j,"UFPA","PA","ST-14","2019-05-08 10:13:10"
Lu19r,"UNICAMP","SP","ST-14","2019-05-08 10:15:26"
An13i,"UFRJ","RJ","ST-14","2019-05-08 10:16:17"
Pr15i,"UTFPR","PR","ST-14","2019-05-08 10:17:13"
Le18e,"UDESC","SC","ST-12","2019-05-08 10:18:34"
Ti14c,"UDESC","SC","ST-12","2019-05-08 10:18:36"
Pa15t,"ANSP","SP","ST-14","2019-05-08 10:19:24"
An12t,"ANSP","SP","ST-14","2019-05-08 10:19:26"
Ad13t,"UDESC","SC","ST-12","2019-05-08 10:19:27"
Na11n,"UFPA","PA","ST-14","2019-05-08 10:21:30"
Pe12n,"UFPA","PA","ST-14","2019-05-08 10:21:34"
Jo15t,"UNICAMP","SP","ST-14","2019-05-08 10:21:39"
Gu20o,"UFRJ","RJ","ST-14","2019-05-08 10:21:56"
Mi16r,"UFPR","PR","ST-12","2019-05-08 10:25:21"
Al16o,"UFPR","PR","ST-12","2019-05-08 10:26:02"
Ar13n,"LNCC","RJ","ST-14","2019-05-08 10:26:02"
Ma13i,"UFABC","SP","ST-14","2019-05-08 10:26:49"
Th12e,"IFAP","AP","ST-14","2019-05-08 10:27:20"
Ja12r,"UFSCar","SP","ST-12","2019-05-08 10:28:20"
Ga16ç,"UFRJ","RJ","ST-14","2019-05-08 10:28:37"
Di12o,"UFF","RJ","ST-12","2019-05-08 10:29:45"
He10t,"UFF","RJ","ST-12","2019-05-08 10:29:53"
Gl17e,"UFPI","MG","ST-14","2019-05-08 10:30:19"
Gu17t,"UFRGS","RS","ST-12","2019-05-08 10:30:25"
Is23r,"UFMG","MG","ST-14","2019-05-08 10:30:26"
Ed17r,"UFPA","PA","ST-14","2019-05-08 10:30:39"
De13i,"PA","UFPA","ST-14","2019-05-08 10:30:39"
Fe11i,"UFPA","PA","ST-14","2019-05-08 10:30:56"
Ju13e,"ITBA","","ST-14","2019-05-08 10:31:00"
Ar13b,"UFRGS","RS","ST-12","2019-05-08 10:31:00"
Pa15j,"IFSUL","RS","ST-14","2019-05-08 10:31:05"
Fe16i,"IFSUL","RS","ST-14","2019-05-08 10:31:14"
Mo17d,"IFSUL","RS","ST-13","2019-05-08 10:31:40"
Ró11e,"IFSUL","RS","ST-13","2019-05-08 10:31:46"
Jo13r,"UFMG","MG","ST-13","2019-05-08 10:31:59"
Le16r,"UFMG","MG","ST-13","2019-05-08 10:32:05"
Fr14g,"UNIPAMPA","RS","ST-13","2019-05-08 10:32:20"
Ar10e,"UNIPAMPA","RS","ST-13","2019-05-08 10:32:25"
Ro13t,"UFPB","RN","ST-13","2019-05-08 10:32:38"
Hu13o,"IFSUL","RS","ST-13","2019-05-08 10:32:45"
Ar11w,"UFPA","PA","ST-13","2019-05-08 10:32:57"
He15r,"UFPA","PA","ST-13","2019-05-08 10:33:09"
Vi18e,"IFSUL","RS","ST-14","2019-05-08 10:33:33"
Ja14r,"UFG","GO","ST-12","2019-05-08 10:33:41"
An12e,"UFPI","PI","ST-14","2019-05-08 10:33:42"
Na14v,"UNICAMP","PI","ST-14","2019-05-08 10:33:45"
Ra12s,"UNICAMP","SP","ST-14","2019-05-08 10:33:48"
Th21v,"UTFPR","PR","ST-14","2019-05-08 10:33:55"
Ia13r,"IFSUL","RS","ST-14","2019-05-08 10:33:59"
Ev14d,"UFRJ","RJ","ST-14","2019-05-08 10:34:39"
Al14h,"UFRGS","RS","ST-12","2019-05-08 10:34:54"
Th15n,"MCTIC","DF","ST-14","2019-05-08 10:35:00"
Ma13k,"IFSUL","RS","ST-14","2019-05-08 10:35:06"
Ga15l,"IFSUL","RS","ST-14","2019-05-08 10:35:09"
An13n,"IFSUL","RS","ST-14","2019-05-08 10:35:13"
Da14n,"UNIVALI","SC","ST-14","2019-05-08 10:35:28"
Al11o,"UFBA","BA","ST-14","2019-05-08 10:35:32"
Mi15a,"","","ST-12","2019-05-08 10:36:02"
Fe14v,"RS","UFRGS","ST-12","2019-05-08 10:36:06"
An14g,"RS","PUCRS","ST-12","2019-05-08 10:36:09"
Ia11a,"IFSUL","RS","ST-14","2019-05-08 10:36:11"
Ra15a,"IFSUL","RS","ST-14","2019-05-08 10:36:15"
Le17r,"IFSUL","RS","ST-14","2019-05-08 10:36:17"
Pe12j,"IFSUL","RS","ST-13","2019-05-08 10:36:19"
Ar14z,"IFSUL","RS","ST-14","2019-05-08 10:36:20"
Lu14t,"IFSUL","RS","ST-13","2019-05-08 10:36:21"
Ro16j,"RS","IFSUL","ST-14","2019-05-08 10:36:24"
Ma14h,"IFSUL","RS","ST-14","2019-05-08 10:36:26"
Ví11e,"IFSUL","RS","ST-14","2019-05-08 10:36:30"
Wé16v,"IFSUL","RS","ST-13","2019-05-08 10:36:31"
Ga16c,"IFSUL","RS","ST-14","2019-05-08 10:36:41"
Br13z,"LNCC","RJ","ST-13","2019-05-08 10:36:42"
Ka16b,"IFSUL","RS","ST-14","2019-05-08 10:36:48"
Al13t,"IFSUL","RS","ST-14","2019-05-08 10:36:49"
Ma12r,"LNCC","RJ","ST-14","2019-05-08 10:36:56"
Mo15c,"USP","SP","ST-14","2019-05-08 10:37:00"
Ma15v,"UFRRJ","RJ","ST-14","2019-05-08 10:37:09"
Ig13h,"UFPA","PA","ST-14","2019-05-08 10:37:14"
Ru21e,"UNIPAMPA","RS","ST-13","2019-05-08 10:37:15"
Ra15c,"UFMG","MG","ST-13","2019-05-08 10:37:25"
Ma16h,"UFMG","MG","ST-13","2019-05-08 10:37:28"
Ed21o,"UFMG","MG","ST-13","2019-05-08 10:37:32"
Al16e,"UFMG","MG","ST-13","2019-05-08 10:37:35"
Lu9i,"","","ST-13","2019-05-08 10:37:38"
Si11n,"Ericsson Research","SP","ST-13","2019-05-08 10:37:42"
Ma13c,"IFSUL","RS","ST-13","2019-05-08 10:38:12"
Mi13o,"IFSUL","RS","ST-13","2019-05-08 10:38:16"
Gu18r,"IFSUL","RS","ST-13","2019-05-08 10:38:19"
Am13r,"IFSUL","RS","ST-14","2019-05-08 10:39:14"
Ca13a,"IFSUL","RS","ST-14","2019-05-08 10:39:17"
Lu29i,"UFLA","MG","ST-13","2019-05-08 10:39:31"
Fá12o,"IFSUL","RS","ST-14","2019-05-08 10:39:56"
Lu23t,"UFRJ","RJ","ST-13","2019-05-08 10:39:58"
Lu29i,"UFLA","MG","ST-14","2019-05-08 10:40:00"
Mi15t,"UFRJ","RJ","ST-13","2019-05-08 10:40:03"
Ig11e,"UFF","RJ","ST-13","2019-05-08 10:40:07"
Vi13t,"UFES","MG","ST-14","2019-05-08 10:40:24"
Ia13o,"UFPA","PA","ST-14","2019-05-08 10:40:32"
St13t,"CESUPA","PA","ST-14","2019-05-08 10:40:35"
Hu11o,"UFPA","PA","ST-14","2019-05-08 10:40:39"
Lu13c,"UFPA","PA","ST-14","2019-05-08 10:40:41"
Re11t,"UFPA","PA","ST-14","2019-05-08 10:40:48"
Lo16r,"ITA","SP","ST-14","2019-05-08 10:41:00"
Ka13e,"PUCRS","RS","ST-14","2019-05-08 10:41:06"
Ad14ç,"IFPE","PE","ST-13","2019-05-08 10:41:32"
Di14r,"ULBRA","RS","ST-13","2019-05-08 10:41:40"
Ro14c,"UFRGS","RS","ST-13","2019-05-08 10:42:27"
Th13e,"UFPA","PA","ST-14","2019-05-08 10:43:23"
Lu12o,"UFPA","PA","ST-14","2019-05-08 10:43:26"
He12o,"UFMG","MG","ST-14","2019-05-08 10:43:58"
Lu14g,"IFSUL","RS","ST-13","2019-05-08 10:44:52"
An15n,"UFAL","AL","ST-14","2019-05-08 10:45:40"
Ar13b,"UFRGS","RS","ST-13","2019-05-08 10:46:09"
Jo15d,"UFRJ","RJ","ST-13","2019-05-08 10:46:39"
Fr16o,"PI","UFPI","ST-13","2019-05-08 10:47:48"
Jó9m,"USP","SP","ST-13","2019-05-08 10:48:05"
Da16e,"UFCG","PB","ST-13","2019-05-08 10:48:27"
Fá24d,"PUCMG","MG","ST-13","2019-05-08 10:49:17"
An9s,"PUCRS","RS","ST-14","2019-05-08 10:49:57"
Ti13t,"PUCRS","RS","ST-13","2019-05-08 10:51:19"
Ti13t,"PUCRS","RS","ST-13","2019-05-08 10:51:19"
Ju17d,"UFRGS","RS","ST-13","2019-05-08 10:52:46"
Do13r,"UFMG","AL","ST-14","2019-05-08 10:52:48"
Si11n,"Ericsson Research","SP","ST-13","2019-05-08 10:53:22"
Pe11h,"IFPB","PB","ST-13","2019-05-08 10:53:39"
Sa15r,"UFRGS","RS","ST-12","2019-05-08 10:54:37"
Ka13r,"UPE","PE","ST-12","2019-05-08 10:54:43"
An24e,"UFRGS","RS","ST-12","2019-05-08 10:54:59"
Ne17o,"UFRJ","RJ","ST-13","2019-05-08 10:56:57"
Do12b,"UFF","RJ","ST-13","2019-05-08 10:57:03"
Lu12c,"UFRGS","RS","ST-13","2019-05-08 10:57:29"
Da13d,"UFMG","MG","ST-13","2019-05-08 10:57:33"
Ne17o,"UFRJ","RJ","ST-14","2019-05-08 10:57:44"
Do12b,"UFF","RJ","ST-14","2019-05-08 10:57:45"
Ia13r,"IFSUL","RS","ST-13","2019-05-08 11:00:51"
Th15n,"MCTIC","DF","ST-14","2019-05-08 11:01:18"
Th21v,"UTFPR","PR","ST-14","2019-05-08 11:01:55"
Ri17t,"UFRGS","RS","ST-13","2019-05-08 11:04:46"
Au15n,"UFRGS","RS","ST-13","2019-05-08 11:04:58"
Lu12o,"UFPA","PA","ST-12","2019-05-08 11:07:14"
Ia13o,"UFPA","PA","ST-12","2019-05-08 11:08:02"
An17r,"IFSUL","RS","ST-13","2019-05-08 11:08:36"
Al19r,"IFSUL","RS","ST-13","2019-05-08 11:08:36"
Da12z,"UFPA","PA","ST-13","2019-05-08 11:11:34"
Lu17k,"RS","UFRGS","ST-13","2019-05-08 11:12:19"
Ro17c,"UFU","GO","ST-12","2019-05-08 11:13:33"
Ep18a,"UFES","ES","ST-13","2019-05-08 11:14:11"
Th21v,"UTFPR","PR","ST-14","2019-05-08 11:20:24"
Le17l,"UPF","RS","ST-14","2019-05-08 11:20:28"
Pe15o,"UFMG","AL","ST-14","2019-05-08 11:20:44"
Cr18a,"UFAL","AL","ST-14","2019-05-08 11:20:46"
Ka13r,"UPE","PE","ST-13","2019-05-08 11:21:17"
Fr16o,"PI","UFPI","ST-13","2019-05-08 11:22:38"
Lu20u,"RS","IPE","ST-12","2019-05-08 11:23:19"
Si11n,"Ericsson Research","SP","ST-13","2019-05-08 11:23:42"
Jo15d,"UFRJ","RJ","ST-13","2019-05-08 11:28:06"
Ma13c,"UTFPR","PR","ST-14","2019-05-08 11:28:33"
Ma18i,"UERJ","RJ","ST-14","2019-05-08 11:28:46"
Ka14i,"UFRJ","RJ","ST-13","2019-05-08 11:29:22"
Pa13r,"IFPA","PA","ST-13","2019-05-08 11:29:41"
Ri15d,"UFPEL","RS","ST-13","2019-05-08 11:29:43"
Gi17J,"UFMG","MG","ST-13","2019-05-08 11:29:50"
Br12n,"IFSUL","RS","ST-13","2019-05-08 11:29:56"
Sa13e,"IFSUL","RS","ST-13","2019-05-08 11:30:00"
Am16l,"RS","IFSUL","ST-13","2019-05-08 11:30:06"
An16d,"IFSUL","RS","ST-13","2019-05-08 11:30:07"
Ju12i,"RS","UDELAR","ST-13","2019-05-08 11:30:11"
Gi17J,"UFMG","MG","ST-14","2019-05-08 11:30:54"
Mi11t,"UFPI","PI","ST-13","2019-05-08 11:32:00"
Th12e,"IFAP","AP","ST-13","2019-05-08 11:32:55"
Br12n,"IFSUL","RS","ST-14","2019-05-08 11:32:55"
Lu14g,"IFSUL","RS","ST-14","2019-05-08 11:33:00"
Sa13e,"IFSUL","RS","ST-14","2019-05-08 11:33:07"
Am16l,"RS","IFSUL","ST-14","2019-05-08 11:33:12"
Ne17o,"UFRJ","RJ","ST-12","2019-05-08 11:36:45"
Do12b,"UFF","RJ","ST-12","2019-05-08 11:38:37"
An14é,"UFPA","PA","ST-13","2019-05-08 11:42:04"
Ro16h,"UNIPAMPA","RS","ST-12","2019-05-08 11:42:31"
Je13r,"UFG","GO","ST-13","2019-05-08 11:46:32"
Ra16e,"UFSM","RS","ST-13","2019-05-08 11:46:42"
Ev14d,"UFRJ","RJ","ST-14","2019-05-08 11:47:30"
Ga16ç,"UFRJ","RJ","ST-14","2019-05-08 11:47:33"
Ja13e,"IFSUL","RS","ST-13","2019-05-08 11:48:14"
Ig11e,"UFF","RJ","ST-13","2019-05-08 11:51:04"
Fi15o,"UFC","CE","ST-13","2019-05-08 11:51:05"
Th14t,"UFPR","PR","ST-13","2019-05-08 11:51:22"
Al14h,"UFRGS","RS","ST-12","2019-05-08 11:52:15"
Fa12i,"UFPB","PB","ST-13","2019-05-08 11:53:10"
Ra13r,"UFPA","PA","ST-13","2019-05-08 11:53:45"
Ia13r,"IFSUL","RS","ST-13","2019-05-08 11:54:04"
Ra14r,"UFRGS","RS","ST-13","2019-05-08 11:56:17"
Mi15a,"","","ST-12","2019-05-08 11:57:02"
Fe14o,"UFPB","PB","ST-13","2019-05-08 11:58:23"
Ca17k,"IFSUL","RS","ST-13","2019-05-08 11:58:39"
Cé13d,"IFSUL","RS","ST-13","2019-05-08 11:58:45"
Fe14i,"UFRJ","RJ","ST-13","2019-05-08 11:58:51"
Th14t,"UFPR","PR","ST-13","2019-05-08 11:58:54"
Ja13s,"UDESC","SC","ST-13","2019-05-08 11:58:58"
Ka14i,"UFRJ","RJ","ST-13","2019-05-08 11:59:03"
Lo16n,"IFSUL","RS","ST-13","2019-05-08 11:59:05"
Di13s,"UFPA","PA","ST-13","2019-05-08 11:59:10"
Ra13r,"UFPA","PA","ST-13","2019-05-08 11:59:12"
Fa13a,"RNP","PA","ST-13","2019-05-08 11:59:19"
Da11m,"UNIPAMPA","RS","ST-13","2019-05-08 11:59:27"
Ma19e,"IFFarroupilha","RS","ST-13","2019-05-08 11:59:31"
Fe14o,"UFPB","PB","ST-13","2019-05-08 12:00:12"
An14m,"UFSCAR","SP","ST-13","2019-05-08 12:00:19"
Ra15c,"UFMG","MG","ST-17","2019-05-08 13:43:10"
Lu15r,"UFRGS","RS","ST-17","2019-05-08 13:43:28"
Al14f,"UFPR","PR","ST-17","2019-05-08 13:43:37"
Ma16h,"UFMG","MG","ST-17","2019-05-08 13:43:41"
Ig11e,"UFF","RJ","ST-17","2019-05-08 13:43:47"
Ia16o,"UFF","RJ","ST-17","2019-05-08 13:43:52"
Ra14n,"UFRGS","RS","ST-17","2019-05-08 13:46:21"
Ri15d,"UFPEL","RS","ST-16","2019-05-08 13:48:15"
Fe14c,"UFG","GO","ST-17","2019-05-08 13:50:18"
Jo16e,"UFG","GO","ST-17","2019-05-08 13:50:19"
Al16e,"UFMG","MG","ST-17","2019-05-08 13:51:03"
Ot11r,"UFLA","MG","ST-17","2019-05-08 13:51:06"
Ed21o,"UFMG","MG","ST-17","2019-05-08 13:51:13"
Gi17J,"UFMG","MG","ST-17","2019-05-08 13:51:16"
Io11t,"CESAR","PE","ST-15","2019-05-08 13:51:27"
Lu29i,"UFLA","MG","ST-17","2019-05-08 13:51:35"
Hu13o,"IFSUL","RS","ST-17","2019-05-08 13:51:47"
Wé16v,"IFSUL","RS","ST-16","2019-05-08 13:51:57"
Ja13e,"IFSUL","RS","ST-16","2019-05-08 13:52:01"
Ró11e,"IFSUL","RS","ST-16","2019-05-08 13:52:09"
An12r,"UFRJ","RJ","ST-16","2019-05-08 13:52:09"
El16o,"UFSJ","MG","ST-16","2019-05-08 13:52:17"
Pa16g,"UFC","CE","ST-16","2019-05-08 13:52:25"
Fe16i,"IFSUL","RS","ST-15","2019-05-08 13:53:33"
Pa15j,"IFSUL","RS","ST-15","2019-05-08 13:53:43"
Em15n,"PB","UFCG","ST-15","2019-05-08 13:53:59"
Ad17o,"UFCG","PB","ST-15","2019-05-08 13:54:04"
Ga13h,"UFCG","PB","ST-15","2019-05-08 13:54:12"
Ra12e,"UFCG","PB","ST-15","2019-05-08 13:54:19"
Ma15h,"UFPB","PB","ST-15","2019-05-08 13:54:26"
Ma15e,"UFG","GO","ST-16","2019-05-08 13:54:27"
Fa12i,"UFPB","PB","ST-15","2019-05-08 13:54:30"
Ka14i,"UFRJ","RJ","ST-16","2019-05-08 13:54:31"
Ri14o,"UFCG","PB","ST-15","2019-05-08 13:54:35"
Re14e,"UFCG","PB","ST-15","2019-05-08 13:54:38"
Gi17v,"UFCG","PB","ST-15","2019-05-08 13:54:44"
Ja12r,"UFSCar","SP","ST-15","2019-05-08 13:54:49"
Fr16o,"PI","UFPI","ST-15","2019-05-08 13:54:57"
Gl17e,"UFPI","MG","ST-15","2019-05-08 13:55:00"
Fe13r,"IF Catarinense","SC","ST-15","2019-05-08 13:55:07"
Cé13d,"IFSUL","RS","ST-16","2019-05-08 13:55:07"
Ju16t,"UTFPR","PR","ST-15","2019-05-08 13:55:20"
Ra16e,"UFSM","RS","ST-17","2019-05-08 13:55:28"
Ma15s,"UFRJ","RJ","ST-16","2019-05-08 13:55:47"
An24e,"UFRGS","RS","ST-15","2019-05-08 13:55:52"
Lu25r,"UNICAMP","SP","ST-15","2019-05-08 13:55:57"
Ca13a,"UFPE","PE","ST-15","2019-05-08 13:56:00"
Gu17t,"UFRGS","RS","ST-15","2019-05-08 13:56:10"
Jo13r,"UFMG","MG","ST-16","2019-05-08 13:56:11"
Lu25r,"UNICAMP","SP","ST-13","2019-05-08 13:56:12"
Pa15t,"ANSP","SP","ST-17","2019-05-08 13:56:33"
An12t,"ANSP","SP","ST-17","2019-05-08 13:56:36"
Fe14i,"UFRJ","RJ","ST-16","2019-05-08 13:57:23"
Ca17k,"IFSUL","RS","ST-16","2019-05-08 13:58:06"
Ia13o,"UFPA","PA","ST-16","2019-05-08 13:58:11"
Fe28o,"UFPR","PR","ST-16","2019-05-08 13:58:12"
Th13e,"UFPA","PA","ST-16","2019-05-08 13:58:16"
Li12e,"UFPR","PR","ST-16","2019-05-08 13:58:17"
El12t,"UFPR","PR","ST-17","2019-05-08 13:58:20"
Pa10n,"UFPR","PR","ST-16","2019-05-08 13:58:23"
Lu12o,"UFPA","PA","ST-16","2019-05-08 13:58:24"
Se16e,"UdeM","","ST-16","2019-05-08 13:58:33"
Ma12r,"LNCC","RJ","ST-16","2019-05-08 13:59:15"
Ma15v,"UFRRJ","RJ","ST-17","2019-05-08 13:59:18"
Ia13r,"IFSUL","RS","ST-17","2019-05-08 13:59:24"
Ga15l,"IFSUL","RS","ST-17","2019-05-08 13:59:30"
Fe12r,"UFMG","MG","ST-16","2019-05-08 13:59:43"
Mi16r,"UFPR","PR","ST-16","2019-05-08 13:59:52"
Ro13t,"UFPB","RN","ST-16","2019-05-08 13:59:56"
Ro19c,"UNICAMP","SP","ST-17","2019-05-08 14:00:33"
Fe13f,"UFRGS","RS","ST-16","2019-05-08 14:00:36"
Mo15c,"USP","SP","ST-16","2019-05-08 14:00:42"
Ad14ç,"IFPE","PE","ST-15","2019-05-08 14:00:50"
An16t,"UFPR","PR","ST-16","2019-05-08 14:00:56"
Ma14s,"SC","IFC","ST-16","2019-05-08 14:01:02"
Lu17e,"UNIOESTE","PR","ST-17","2019-05-08 14:01:12"
Vi13t,"UFES","MG","ST-16","2019-05-08 14:01:31"
Jo15d,"UFRJ","RJ","ST-17","2019-05-08 14:01:33"
Fl15t,"UFPA","PA","ST-16","2019-05-08 14:01:35"
Le17t,"UFPA","PA","ST-16","2019-05-08 14:01:39"
Al12m,"UFRJ","RJ","ST-17","2019-05-08 14:01:52"
La12e,"UFRGS","RS","ST-16","2019-05-08 14:02:01"
Sa15r,"UFRGS","RS","ST-15","2019-05-08 14:02:04"
Ar13o,"RS","UFRGS","ST-16","2019-05-08 14:02:04"
St13t,"CESUPA","PA","ST-16","2019-05-08 14:02:08"
Ra14e,"IFRS","RS","ST-15","2019-05-08 14:02:08"
Lu13c,"UFPA","PA","ST-16","2019-05-08 14:02:11"
Re11t,"UFPA","PA","ST-16","2019-05-08 14:02:15"
Ma19e,"IFFarroupilha","RS","ST-17","2019-05-08 14:02:22"
An9s,"PUCRS","RS","ST-16","2019-05-08 14:02:22"
An15t,"IFSUL","RS","ST-15","2019-05-08 14:02:23"
An15v,"UFPA","PA","ST-17","2019-05-08 14:02:26"
Ar14z,"IFSUL","RS","ST-16","2019-05-08 14:02:40"
Ro16j,"RS","IFSUL","ST-16","2019-05-08 14:02:43"
Le17r,"IFSUL","RS","ST-16","2019-05-08 14:02:47"
Br12n,"IFSUL","RS","ST-15","2019-05-08 14:02:50"
Ma14h,"IFSUL","RS","ST-16","2019-05-08 14:02:50"
Ví11e,"IFSUL","RS","ST-16","2019-05-08 14:02:55"
Fa14g,"Petrobrás","RJ","ST-17","2019-05-08 14:02:57"
Au16r,"RS","SAP","ST-16","2019-05-08 14:03:07"
Ge13s,"SAP","RS","ST-16","2019-05-08 14:03:11"
Le18l,"SAP","RS","ST-16","2019-05-08 14:03:16"
Da21h,"UFPE","PE","ST-15","2019-05-08 14:03:24"
Ma13c,"IFSUL","RS","ST-15","2019-05-08 14:03:26"
Am13r,"IFSUL","RS","ST-15","2019-05-08 14:03:28"
Lu26r,"","MG","ST-17","2019-05-08 14:03:33"
Lu9i,"","","ST-17","2019-05-08 14:03:45"
Ra15a,"IFSUL","RS","ST-15","2019-05-08 14:03:48"
Da11m,"UNIPAMPA","RS","ST-17","2019-05-08 14:03:49"
Ru21e,"UNIPAMPA","RS","ST-17","2019-05-08 14:03:53"
Gu18r,"IFSUL","RS","ST-15","2019-05-08 14:03:58"
Mi13o,"IFSUL","RS","ST-15","2019-05-08 14:04:00"
Al16o,"UFPR","PR","ST-16","2019-05-08 14:04:18"
Ca13a,"IFSUL","RS","ST-15","2019-05-08 14:04:20"
Ja13s,"UDESC","SC","ST-16","2019-05-08 14:04:46"
Ev14d,"UFRJ","RJ","ST-16","2019-05-08 14:05:01"
Al13t,"UNIP","MT","ST-16","2019-05-08 14:05:10"
Da16e,"UFCG","PB","ST-15","2019-05-08 14:05:11"
Fá12o,"IFSUL","RS","ST-15","2019-05-08 14:05:17"
Ia11a,"IFSUL","RS","ST-15","2019-05-08 14:05:22"
An13n,"IFSUL","RS","ST-15","2019-05-08 14:05:23"
Ma13k,"IFSUL","RS","ST-15","2019-05-08 14:05:26"
Hu11o,"UFPA","PA","ST-15","2019-05-08 14:06:41"
An13i,"UFRJ","RJ","ST-16","2019-05-08 14:06:44"
An14g,"RS","PUCRS","ST-15","2019-05-08 14:06:48"
Ju12i,"RS","UDELAR","ST-17","2019-05-08 14:06:52"
Pe12n,"UFPA","PA","ST-15","2019-05-08 14:06:53"
Es16m,"UBA","","ST-17","2019-05-08 14:06:58"
St13e,"IFBA","BA","ST-17","2019-05-08 14:07:04"
Mi15a,"","","ST-16","2019-05-08 14:07:09"
Da14n,"UNIVALI","SC","ST-16","2019-05-08 14:07:13"
Al11o,"UFBA","BA","ST-16","2019-05-08 14:07:18"
Ke13t,"IFSUL","RS","ST-15","2019-05-08 14:07:22"
Ju14e,"IFSUL","RS","ST-15","2019-05-08 14:07:26"
Ka16b,"IFSUL","RS","ST-15","2019-05-08 14:07:48"
Al13t,"IFSUL","RS","ST-15","2019-05-08 14:07:50"
Ga16c,"IFSUL","RS","ST-15","2019-05-08 14:07:52"
Lo16n,"IFSUL","RS","ST-15","2019-05-08 14:07:53"
Lu14t,"IFSUL","RS","ST-15","2019-05-08 14:07:57"
Pe12j,"IFSUL","RS","ST-15","2019-05-08 14:07:57"
Ro17t,"UFSM","RS","ST-17","2019-05-08 14:08:12"
Ka13e,"PUCRS","RS","ST-16","2019-05-08 14:09:01"
Ra19e,"HPE","RS","ST-16","2019-05-08 14:09:06"
Fe14v,"RS","UFRGS","ST-17","2019-05-08 14:09:07"
Pe12t,"HP","RS","ST-16","2019-05-08 14:09:10"
Fr23j,"UFBA","CE","ST-16","2019-05-08 14:09:21"
Ma13i,"UPF","RS","ST-16","2019-05-08 14:09:46"
Le17l,"UPF","RS","ST-16","2019-05-08 14:09:50"
Do12b,"UFF","RJ","ST-16","2019-05-08 14:10:15"
Lu13n,"UFMG","MG","ST-17","2019-05-08 14:10:23"
Vi13t,"UFES","MG","ST-17","2019-05-08 14:10:32"
An16e,"UFRGS","RS","ST-15","2019-05-08 14:10:33"
Je13r,"UFG","GO","ST-15","2019-05-08 14:10:35"
Ca11i,"HPE","RS","ST-16","2019-05-08 14:10:44"
Sa11ê,"UFG","GO","ST-17","2019-05-08 14:10:47"
Pe11m,"HP","RS","ST-16","2019-05-08 14:10:48"
Kl21s,"UFG","GO","ST-17","2019-05-08 14:10:51"
Vi15i,"UFSM","RS","ST-17","2019-05-08 14:11:15"
Lu11c,"UFSM","RS","ST-17","2019-05-08 14:11:18"
Vi18e,"IFSUL","RS","ST-15","2019-05-08 14:12:29"
Ca15z,"RS","IFSUL","ST-15","2019-05-08 14:12:41"
Ra12s,"UNICAMP","SP","ST-17","2019-05-08 14:13:06"
Pa13s,"IFPB","PB","ST-15","2019-05-08 14:13:24"
An14m,"UFSCAR","SP","ST-15","2019-05-08 14:13:27"
Pe11h,"IFPB","PB","ST-15","2019-05-08 14:13:30"
Lo16r,"ITA","SP","ST-16","2019-05-08 14:13:49"
Ar10e,"UNIPAMPA","RS","ST-15","2019-05-08 14:13:58"
Ga14e,"UdelaR","","ST-15","2019-05-08 14:14:41"
Jo14e,"UFES","ES","ST-16","2019-05-08 14:14:44"
Fr14g,"UNIPAMPA","RS","ST-17","2019-05-08 14:15:33"
Hi12a,"IFPE","PE","ST-16","2019-05-08 14:15:41"
Pe12n,"UFPA","PA","ST-16","2019-05-08 14:17:39"
Ga14e,"UdelaR","","ST-17","2019-05-08 14:18:05"
An15t,"","UFF","ST-16","2019-05-08 14:19:43"
En18o,"UFSCAR","SP","ST-16","2019-05-08 14:20:32"
Le16r,"UFMG","MG","ST-17","2019-05-08 14:21:21"
Jo20ê,"UFES","ES","ST-17","2019-05-08 14:21:24"
Ro15ç,"UFES","ES","ST-17","2019-05-08 14:21:28"
An12e,"UFPI","PI","ST-16","2019-05-08 14:22:27"
Ja14r,"UFG","GO","ST-15","2019-05-08 14:22:47"
Na14v,"UNICAMP","PI","ST-15","2019-05-08 14:23:06"
Ro16i,"UFES","ES","ST-17","2019-05-08 14:23:07"
Ka13r,"UPE","PE","ST-16","2019-05-08 14:23:15"
Ma20t,"UFC","PI","ST-16","2019-05-08 14:23:18"
Gu19e,"IFSUL","RS","ST-16","2019-05-08 14:25:08"
Ar10e,"UNIPAMPA","RS","ST-17","2019-05-08 14:25:39"
Fe11i,"UFPA","PA","ST-17","2019-05-08 14:29:43"
An15v,"UFPA","PA","ST-17","2019-05-08 14:31:30"
Ra12s,"UNICAMP","SP","ST-17","2019-05-08 14:31:31"
El12t,"UFPR","PR","ST-17","2019-05-08 14:31:37"
Do12b,"UFF","RJ","ST-15","2019-05-08 14:32:17"
Da16e,"UFCG","PB","ST-16","2019-05-08 14:33:08"
Fi15o,"UFC","CE","ST-15","2019-05-08 14:34:38"
An14g,"RS","PUCRS","ST-17","2019-05-08 14:34:44"
An15v,"UFPA","PA","ST-16","2019-05-08 14:35:54"
An15t,"IFSUL","RS","ST-16","2019-05-08 14:36:52"
Hu11o,"UFPA","PA","ST-17","2019-05-08 14:38:11"
Tá17t,"IFBA","BA","ST-16","2019-05-08 14:42:32"
Ca13u,"","BA","ST-16","2019-05-08 14:42:37"
An13n,"IFSUL","RS","ST-16","2019-05-08 14:42:41"
Ja14r,"UFG","GO","ST-17","2019-05-08 14:47:22"
Ma12l,"UFGD","MS","ST-17","2019-05-08 14:49:23"
Da23t,"UTFPR","PR","ST-17","2019-05-08 14:52:55"
Ga15l,"IFSUL","RS","ST-16","2019-05-08 14:55:55"
Ia13r,"IFSUL","RS","ST-16","2019-05-08 14:56:02"
Lu13n,"UFMG","MG","ST-16","2019-05-08 14:56:07"
Jo15t,"UNICAMP","SP","ST-15","2019-05-08 14:56:20"
Hu13o,"IFSUL","RS","ST-16","2019-05-08 14:56:56"
Ar11w,"UFPA","PA","ST-16","2019-05-08 14:57:12"
He15r,"UFPA","PA","ST-16","2019-05-08 14:57:16"
Br14v,"","","ST-17","2019-05-08 14:58:01"
Jo15d,"UFRJ","RJ","ST-17","2019-05-08 15:02:22"
Ev14d,"UFRJ","RJ","ST-16","2019-05-08 15:03:50"
An12r,"UFRJ","RJ","ST-16","2019-05-08 15:03:58"
Fl15t,"UFPA","PA","ST-16","2019-05-08 15:04:12"
Lu14g,"IFSUL","RS","ST-17","2019-05-08 15:04:36"
Am16l,"RS","IFSUL","ST-17","2019-05-08 15:04:40"
An16d,"IFSUL","RS","ST-17","2019-05-08 15:04:44"
Sa13e,"IFSUL","RS","ST-17","2019-05-08 15:04:50"
Gu18r,"IFSUL","RS","ST-17","2019-05-08 15:04:58"
Ma13c,"IFSUL","RS","ST-17","2019-05-08 15:05:02"
Mi13o,"IFSUL","RS","ST-17","2019-05-08 15:05:06"
An15v,"UFPA","PA","ST-15","2019-05-08 15:06:24"
Da12o,"UNICAMP","SP","ST-17","2019-05-08 15:09:10"
Si11n,"Ericsson Research","SP","ST-17","2019-05-08 15:22:27"
Le14v,"UFRJ","RJ","ST-17","2019-05-08 15:23:43"
Br12n,"IFSUL","RS","ST-17","2019-05-08 15:26:39"
Ma17t,"PUCRS","RS","ST-15","2019-05-08 15:32:19"
Sa11ê,"UFG","GO","ST-17","2019-05-08 15:33:38"
Do12b,"UFF","RJ","ST-17","2019-05-08 15:34:33"
Ma15e,"UFG","GO","ST-17","2019-05-08 15:34:39"
Pe12t,"HP","RS","ST-16","2019-05-08 15:34:42"
Vi13l,"IFMG","MG","ST-17","2019-05-08 15:38:44"
Ev14d,"UFRJ","RJ","ST-16","2019-05-08 15:59:43"
An15v,"UFPA","PA","ST-16","2019-05-08 15:59:53"
Fe28o,"UFPR","PR","ST-16","2019-05-08 15:59:59"
Ra12s,"UNICAMP","SP","ST-17","2019-05-08 16:01:14"
Jo15d,"UFRJ","RJ","ST-17","2019-05-08 16:01:32"
An13i,"UFRJ","RJ","ST-19","2019-05-09 10:16:11"
Le15i,"UFBA","BA","ST-19","2019-05-09 10:16:14"
Th16r,"UFMG","MG","ST-19","2019-05-09 10:16:27"
Ra15e,"UECE","CE","ST-19","2019-05-09 10:16:46"
Lu19r,"UNICAMP","SP","ST-19","2019-05-09 10:16:51"
Da15h,"UFRJ","RJ","ST-20","2019-05-09 10:17:56"
St13e,"IFBA","BA","ST-19","2019-05-09 10:21:40"
Ka13r,"UPE","PE","ST-19","2019-05-09 10:25:16"
Jo15d,"UFRJ","RJ","ST-20","2019-05-09 10:27:21"
Jo15d,"UFRJ","RJ","ST-20","2019-05-09 10:27:21"
Ma15v,"UFRRJ","RJ","ST-20","2019-05-09 10:27:23"
Sa11ê,"UFG","GO","ST-19","2019-05-09 10:27:28"
Kl21s,"UFG","GO","ST-20","2019-05-09 10:27:36"
Al21r,"UFJF","RJ","ST-19","2019-05-09 10:28:10"
Fe12k,"UFJF","MG","ST-19","2019-05-09 10:28:12"
Fr23j,"UFBA","CE","ST-19","2019-05-09 10:28:59"
Al11o,"UFBA","BA","ST-19","2019-05-09 10:29:02"
Lu26r,"","MG","ST-19","2019-05-09 10:29:33"
Al11r,"UFJF","MG","ST-19","2019-05-09 10:29:43"
Ju16t,"UTFPR","PR","ST-19","2019-05-09 10:30:44"
Lu12r,"USP","SP","ST-18","2019-05-09 10:30:52"
Ca13u,"","BA","ST-18","2019-05-09 10:31:03"
Ev14d,"UFRJ","RJ","ST-19","2019-05-09 10:31:09"
Gl17e,"UFPI","MG","ST-19","2019-05-09 10:31:11"
Je13r,"UFG","GO","ST-18","2019-05-09 10:31:26"
Ed16r,"DF","UnB","ST-18","2019-05-09 10:31:36"
Ra19e,"HPE","RS","ST-18","2019-05-09 10:31:51"
Pe11m,"HP","RS","ST-18","2019-05-09 10:31:55"
Pe12t,"HP","RS","ST-18","2019-05-09 10:31:59"
Ca11i,"HPE","RS","ST-18","2019-05-09 10:32:03"
Al14h,"UFRGS","RS","ST-18","2019-05-09 10:32:07"
Ka13e,"PUCRS","RS","ST-18","2019-05-09 10:32:11"
Ka13e,"PUCRS","RS","ST-18","2019-05-09 10:32:11"
Hu13o,"IFSUL","RS","ST-19","2019-05-09 10:32:12"
Ti13t,"PUCRS","RS","ST-18","2019-05-09 10:32:18"
Ro15ç,"UFES","ES","ST-18","2019-05-09 10:32:28"
Au17e,"UFMG","MG","ST-18","2019-05-09 10:32:36"
Ri18d,"UFPE","PE","ST-18","2019-05-09 10:32:45"
Em15n,"PB","UFCG","ST-18","2019-05-09 10:32:58"
Si11n,"Ericsson Research","SP","ST-20","2019-05-09 10:33:05"
Mi11t,"UFPI","PI","ST-20","2019-05-09 10:33:08"
Do12b,"UFF","RJ","ST-18","2019-05-09 10:33:09"
Ne17o,"UFRJ","RJ","ST-18","2019-05-09 10:33:12"
Ig11e,"UFF","RJ","ST-18","2019-05-09 10:33:15"
Ed24v,"UFRJ","RJ","ST-18","2019-05-09 10:33:16"
Gu20o,"UFRJ","RJ","ST-18","2019-05-09 10:33:16"
Ga16ç,"UFRJ","RJ","ST-18","2019-05-09 10:33:18"
Ad23r,"RNP","BA","ST-19","2019-05-09 10:33:30"
Lu12o,"UFBA","BA","ST-19","2019-05-09 10:33:36"
Ma18i,"UERJ","RJ","ST-19","2019-05-09 10:33:37"
Fa12i,"UFPB","PB","ST-19","2019-05-09 10:34:09"
Gi17v,"UFCG","PB","ST-19","2019-05-09 10:34:17"
Ad16t,"UFPA","PA","ST-18","2019-05-09 10:34:37"
Ri17t,"UFRGS","RS","ST-19","2019-05-09 10:34:46"
Ig13h,"UFPA","PA","ST-18","2019-05-09 10:36:06"
Na14v,"UNICAMP","PI","ST-10","2019-05-09 10:36:18"
Fe13f,"UFRGS","RS","ST-19","2019-05-09 10:36:19"
Ju12i,"RS","UDELAR","ST-18","2019-05-09 10:36:30"
Fe15h,"UFRJ","RJ","ST-18","2019-05-09 10:37:07"
Ar13o,"RS","UFRGS","ST-18","2019-05-09 10:38:57"
La12e,"UFRGS","RS","ST-18","2019-05-09 10:39:00"
Al13t,"UNIP","MT","ST-18","2019-05-09 10:39:03"
Ca13a,"UFPE","PE","ST-19","2019-05-09 10:39:49"
Al10r,"UFRJ","RJ","ST-18","2019-05-09 10:40:34"
Pa15t,"ANSP","SP","ST-19","2019-05-09 10:41:07"
Gu19e,"IFSUL","RS","ST-18","2019-05-09 10:41:59"
Ma17t,"PUCRS","RS","ST-18","2019-05-09 10:42:41"
It19t,"RNP","BA","ST-19","2019-05-09 10:43:47"
An15v,"UFPA","PA","ST-18","2019-05-09 10:44:54"
Ne17r,"UFPI","PI","ST-18","2019-05-09 10:45:05"
Sa15r,"UFRGS","RS","ST-18","2019-05-09 10:45:32"
Vi13l,"IFMG","MG","ST-18","2019-05-09 10:49:55"
Al7t,"INATEL","MG","ST-19","2019-05-09 10:51:41"
Vi13l,"IFMG","MG","ST-19","2019-05-09 10:51:43"
Ma13c,"UTFPR","PR","ST-18","2019-05-09 10:51:57"
Da21h,"UFPE","PE","ST-18","2019-05-09 10:54:35"
Gi17J,"UFMG","MG","ST-19","2019-05-09 10:54:38"
Ja14r,"UFG","GO","ST-18","2019-05-09 10:54:40"
Ro14r,"FACSUL","BA","ST-10","2019-05-09 10:55:27"
Si11n,"Ericsson Research","SP","ST-19","2019-05-09 10:56:21"
Ed17o,"RNP","RJ","ST-18","2019-05-09 10:56:35"
Jo11e,"EB","RS","ST-18","2019-05-09 10:57:12"
Ar10e,"UNIPAMPA","RS","ST-18","2019-05-09 10:57:17"
Fr14g,"UNIPAMPA","RS","ST-18","2019-05-09 10:57:20"
Kl21s,"UFG","GO","ST-10","2019-05-09 10:57:53"
Jo15d,"UFRJ","RJ","ST-10","2019-05-09 10:57:55"
Ma13z,"BA","UFBA","ST-19","2019-05-09 11:00:17"
Ev15s,"UFC","PR","ST-18","2019-05-09 11:00:23"
Ro17c,"UFU","GO","ST-19","2019-05-09 11:01:03"
Gl17e,"UFPI","MG","ST-19","2019-05-09 11:01:23"
Ev14d,"UFRJ","RJ","ST-19","2019-05-09 11:01:27"
Ca13a,"UFPE","PE","ST-19","2019-05-09 11:01:34"
An15v,"UFPA","PA","ST-19","2019-05-09 11:01:44"
An13i,"UFRJ","RJ","ST-18","2019-05-09 11:02:36"
Ev14d,"UFRJ","RJ","ST-18","2019-05-09 11:02:40"
Ju16t,"UTFPR","PR","ST-18","2019-05-09 11:04:19"
Ne17o,"UFRJ","RJ","ST-10","2019-05-09 11:05:26"
Ma13i,"UPF","RS","ST-18","2019-05-09 11:06:10"
Le17l,"UPF","RS","ST-18","2019-05-09 11:06:14"
Se16e,"UdeM","","ST-18","2019-05-09 11:06:20"
Ju12o,"PoP-BA","BA","ST-18","2019-05-09 11:06:47"
Ne17o,"UFRJ","RJ","ST-19","2019-05-09 11:07:31"
Ma12i,"UFC","CE","ST-18","2019-05-09 11:11:33"
Fa14g,"Petrobrás","RJ","ST-19","2019-05-09 11:17:14"
Ro13t,"UFPB","RN","ST-18","2019-05-09 11:17:34"
Al11r,"UFJF","MG","ST-19","2019-05-09 11:31:41"
Da12z,"UFPA","PA","ST-20","2019-05-09 11:35:35"
Ra13r,"UFPA","PA","ST-20","2019-05-09 11:35:37"
Ro14l,"","UNEMAT","ST-20","2019-05-09 11:37:42"
Ro14l,"","UNEMAT","ST-18","2019-05-09 11:42:32"
An15v,"UFPA","PA","ST-19","2019-05-09 11:58:47"
Lu26r,"","MG","ST-19","2019-05-09 11:59:10"
Ro14r,"FACSUL","BA","ST-20","2019-05-09 12:06:44"
Se22t,"UNICAMP","SP","ST-20","2019-05-09 12:07:02"
Ro15ç,"UFES","ES","ST-22","2019-05-09 13:47:54"
Ri17t,"UFRGS","RS","ST-22","2019-05-09 13:50:14"
Ri17t,"UFRGS","RS","ST-22","2019-05-09 13:50:14"
Br13z,"UFRGS","RS","ST-22","2019-05-09 13:52:08"
Ed21o,"UFMG","MG","ST-22","2019-05-09 13:54:42"
Th16r,"UFMG","MG","ST-22","2019-05-09 13:58:09"
Gu20o,"UFRJ","RJ","ST-21","2019-05-09 13:58:15"
Lu11e,"UFBA","BA","ST-21","2019-05-09 13:58:20"
Fe13r,"IF Catarinense","SC","ST-21","2019-05-09 13:59:01"
Le18e,"UDESC","SC","ST-21","2019-05-09 13:59:23"
Fe12r,"UFMG","MG","ST-21","2019-05-09 13:59:37"
La12e,"UFRGS","RS","ST-21","2019-05-09 14:00:34"
Je13r,"UFG","GO","ST-21","2019-05-09 14:01:31"
Ne17o,"UFRJ","RJ","ST-21","2019-05-09 14:01:46"
Jo11i,"","","ST-21","2019-05-09 14:02:49"
Sa15r,"UFRGS","RS","ST-21","2019-05-09 14:04:58"
Ma17l,"UFES","ES","ST-22","2019-05-09 14:05:14"
Lu12r,"USP","SP","ST-21","2019-05-09 14:07:03"
Al19l,"UFPE","PI","ST-23","2019-05-09 14:07:07"
Ma12l,"UFGD","MS","ST-23","2019-05-09 14:07:12"
Ro13t,"UFPB","RN","ST-21","2019-05-09 14:07:34"
Ma15t,"UFRGS","RS","ST-22","2019-05-09 14:07:34"
Al7t,"INATEL","MG","ST-22","2019-05-09 14:08:49"
Th12v,"UFCG","PB","ST-22","2019-05-09 14:09:41"
Ma19e,"IFFarroupilha","RS","ST-22","2019-05-09 14:09:54"
Ru21e,"UNIPAMPA","RS","ST-22","2019-05-09 14:09:59"
Fa12i,"UFPB","PB","ST-22","2019-05-09 14:10:15"
Gi17v,"UFCG","PB","ST-22","2019-05-09 14:10:18"
Fr14g,"UNIPAMPA","RS","ST-22","2019-05-09 14:10:20"
Ar10e,"UNIPAMPA","RS","ST-22","2019-05-09 14:10:23"
Do12b,"UFF","RJ","ST-21","2019-05-09 14:10:51"
Ne17r,"UFPI","PI","ST-23","2019-05-09 14:11:17"
Se22t,"UNICAMP","SP","ST-22","2019-05-09 14:12:03"
Vi13t,"UFES","MG","ST-22","2019-05-09 14:12:24"
Da11m,"UNIPAMPA","RS","ST-22","2019-05-09 14:13:16"
Ga16ç,"UFRJ","RJ","ST-21","2019-05-09 14:13:54"
Pa16g,"UFC","CE","ST-23","2019-05-09 14:14:29"
Ma12i,"UFC","CE","ST-23","2019-05-09 14:14:39"
Ga14e,"UdelaR","","ST-21","2019-05-09 14:15:11"
Ri14o,"UFCG","PB","ST-22","2019-05-09 14:15:26"
Re14e,"UFCG","PB","ST-22","2019-05-09 14:15:29"
Ed17a,"PUCPR","PR","ST-21","2019-05-09 14:16:00"
Ad23r,"RNP","BA","ST-21","2019-05-09 14:21:47"
Lu12o,"UFBA","BA","ST-21","2019-05-09 14:21:51"
An15v,"UFPA","PA","ST-23","2019-05-09 14:22:06"
It19t,"RNP","BA","ST-21","2019-05-09 14:22:42"
Íg11j,"UFMG","MG","ST-22","2019-05-09 14:22:47"
Em15n,"PB","UFCG","ST-21","2019-05-09 14:23:12"
Pe11m,"HP","RS","ST-21","2019-05-09 14:25:21"
Lu12o,"UFBA","BA","ST-22","2019-05-09 14:27:34"
Ro14l,"","UNEMAT","ST-21","2019-05-09 14:29:35"
Ma17l,"UFES","ES","ST-22","2019-05-09 14:30:31"
Ne17o,"UFRJ","RJ","ST-23","2019-05-09 14:33:53"
Do12b,"UFF","RJ","ST-23","2019-05-09 14:33:56"
He15r,"UNICAMP","SP","ST-23","2019-05-09 14:34:54"
Cl16m,"UFV","MG","ST-21","2019-05-09 14:36:13"
An15v,"UFPA","PA","ST-23","2019-05-09 14:36:18"
Ta13n,"SP","UNICAMP","ST-23","2019-05-09 14:36:28"
Ta13n,"SP","UNICAMP","ST-23","2019-05-09 14:36:32"
An12e,"UFPI","PI","ST-23","2019-05-09 14:36:42"
An12e,"UFPI","PI","ST-23","2019-05-09 14:36:46"
Fe15a,"PA","UFPA","ST-22","2019-05-09 14:36:50"
Ra14r,"UFRGS","RS","ST-22","2019-05-09 14:37:17"
An15v,"UFPA","PA","ST-22","2019-05-09 14:38:13"
Fa14g,"Petrobrás","RJ","ST-22","2019-05-09 14:38:15"
Kl21s,"UFG","GO","ST-21","2019-05-09 14:38:58"
Ja14r,"UFG","GO","ST-21","2019-05-09 14:39:02"
Th23e,"UFSJ","MG","ST-23","2019-05-09 14:39:42"
El12e,"","","ST-22","2019-05-09 14:41:18"
Gl17e,"UFPI","MG","ST-23","2019-05-09 14:42:31"
Ju19J,"UFPI","PI","ST-23","2019-05-09 14:43:11"
Fe14v,"UFPI","PI","ST-23","2019-05-09 14:45:53"
Je24r,"UFPA","PA","ST-23","2019-05-09 14:46:23"
Au15n,"UFRGS","RS","ST-21","2019-05-09 14:46:54"
Hu10o,"UFRJ","RJ","ST-22","2019-05-09 14:49:51"
An15v,"UFPA","PA","ST-22","2019-05-09 14:52:49"
Fe14i,"UFRJ","RJ","ST-22","2019-05-09 14:53:10"
Ri15e,"ITA","SP","ST-21","2019-05-09 14:54:20"
Ma16h,"UFMG","MG","ST-22","2019-05-09 14:54:42"
An12r,"UFRJ","RJ","ST-23","2019-05-09 14:55:01"
Ma15s,"UFRJ","RJ","ST-23","2019-05-09 14:55:04"
Ce15e,"ITA","SP","ST-21","2019-05-09 14:57:20"
An15t,"IFSUL","RS","ST-21","2019-05-09 14:57:25"
Ga16ç,"UFRJ","RJ","ST-21","2019-05-09 14:58:20"
Fa14g,"Petrobrás","RJ","ST-21","2019-05-09 15:00:12"
An15v,"UFPA","PA","ST-21","2019-05-09 15:01:18"
Ia13o,"UFPE","PE","ST-23","2019-05-09 15:03:12"
Ra16e,"UFSM","RS","ST-22","2019-05-09 15:03:32"
Ka13e,"PUCRS","RS","ST-22","2019-05-09 15:04:37"
Da21h,"UFPE","PE","ST-22","2019-05-09 15:08:11"
Ne17o,"UFRJ","RJ","ST-22","2019-05-09 15:09:53"
Do12b,"UFF","RJ","ST-22","2019-05-09 15:09:57"
Ro16h,"UNIPAMPA","RS","ST-21","2019-05-09 15:13:17"
Va17t,"UFPA","PA","ST-22","2019-05-09 15:20:25"
Lu23t,"UFRJ","RJ","ST-23","2019-05-09 15:23:27"
Ma17l,"UFES","ES","ST-22","2019-05-09 15:27:20"
Vi13t,"UFES","MG","ST-23","2019-05-09 15:31:49"
Fa13a,"RNP","PA","ST-21","2019-05-09 15:32:21"
An15v,"UFPA","PA","ST-21","2019-05-09 15:32:29"
Ra16e,"UFSM","RS","ST-21","2019-05-09 15:41:27"
Th23e,"UFSJ","MG","ST-23","2019-05-09 16:07:22"
Ev14d,"UFRJ","RJ","ST-21","2019-05-09 16:08:33"
Ig13h,"UFPA","PA","ST-1","2019-05-10 09:02:04"
